year,ID,name,bare1,bare2,br1,br2,af1,af2,pf1,pf2,c3p1,c3p2,c4p1,c4p2,maxheight_nest,maxheight_5m,sageshrub,subshrub,allshrub,oppo,maxheight_10m,vo_nest,vo_5m,vo_10m,colsize,clay,silt,sand,rough,edgedist,colage,binshrub,binsubshrub
2,used,A12016,0.28,0.533,0,0,0.04,0,0.08,0,0.12,0.233,0.04,0,1,3,0.025,0,0,0.018,3,0,0.375,0.375,514,39.73607904,28.9,31.36392096,0.248387097,173.1965921,7,0,0
1,used,C102015,0.64,0.833,0,0.033,0.68,0.433,0.2,0.167,0.16,0.2,0.12,0,13,9.688,0,0,0,0.007,9.688,7.75,1.438,1.438,324,45,28.9,26.1,0.352564103,65.38595428,6,0,0
2,used,C102016,0.32,0.333,0,0,0.4,0.1,0,0,0.04,0.167,0,0.1,2.25,2.875,0,0,0,0.022,2.875,0.75,0.188,0.188,514,45,28.9,26.1,0.323717949,386.0088147,5,0,0
3,used,C102017,0.96,1,0,0,0.52,0.567,0,0,0.04,0.1,0,0,6.25,6.938,0,0,0,0,6.938,2.5,2.25,2.25,2650,45,28.9,26.1,0.613924051,443.4389822,8,0,0
1,used,C112015,0.64,0.667,0,0,0.16,0.1,0,0,0,0.433,0.12,0,1.5,5.875,0.006,0,0,0.016,5.875,1,0.875,0.875,324,45,28.9,26.1,0.286624204,370.7187593,6,0,0
2,used,C112016,0.76,0.567,0,0,0.4,0.767,0,0,0.16,0.067,0,0,6.5,3.625,0,0,0,0,3.625,1.75,1.375,1.375,1207,27.4337195,30.80235322,41.76392727,0.47133758,592.7874065,4,0,0
3,used,C112017,0.36,0.867,0,0,0.48,0.2,0.08,0.067,0,0,0,0,5.5,2,0,0,0,0,2,2.75,1,1,4219,28.5,37.3,34.2,0.309904153,210.5237111,7,0,0
1,used,C12015,0.48,0.6,0,0,0.84,0.433,0,0,0.08,0.3,0.08,0.033,8.75,11.625,0,0,0,0,11.625,3.5,3.313,3.313,324,45,28.9,26.1,0.217948718,394.5768486,6,0,0
3,used,C12017,0.72,0.867,0,0,0,0.067,0,0,0.28,0.267,0,0,3.25,3.5,0.006,0,0,0.004,3.5,1.25,0.063,0.063,2650,40.5,29.3,30.2,0.112179487,231.9349548,4,0,0
2,used,C122016,0.56,0.433,0,0,0.04,0.033,0.12,0.033,0,0,0.04,0,3,0.938,0,0,0,0.002,0.938,2.5,0.25,0.25,1207,28.49454367,37.07847293,34.4269834,0.461290323,744.7887124,4,0,0
3,used,C122017,0.44,0.833,0,0,0,0.133,0.32,0.133,0,0,0,0,0,2.813,0,0,0,0.021,2.813,0,1.125,1.125,147,45,28.9,26.1,0.559485531,275.375796,5,0,0
2,used,C132016,0.12,0.267,0,0,0.2,0.067,0,0.033,0,0.133,0,0,2.75,3.063,0,0,0,0,3.063,0.75,0.188,0.188,1207,43,27,30,0.035031847,402.6550677,3,0,0
2,used,C142016,0.16,0.3,0,0,0.08,0.167,0,0,0,0.1,0.12,0.133,1.25,3.75,0,0,0,0.028,3.75,0.5,0.438,0.438,1207,43,27,30,0.361904762,136.825804,2,0,0
2,used,C152016,0.92,0.933,0,0,0.04,0.067,0,0,0,0.167,0,0,0,1.125,0,0,0,0,1.125,0,0.25,0.25,514,45,28.9,26.1,0.506369427,216.163658,7,0,0
1,used,C22015,0.16,0.533,0,0,0.6,0.067,0,0,0.48,0.433,0,0.067,3.5,3.875,0,0,0,0.018,3.875,2,1.313,1.313,324,45,28.9,26.1,0.608974359,335.8954878,6,0,0
2,used,C22016,0.48,0.567,0,0,0.44,0.467,0,0,0,0.133,0.04,0.167,1,2.438,0.002,0,0,0.013,2.438,0,0.75,0.75,514,45,28.9,26.1,0.461290323,80.10221471,4,0,0
3,used,C22017,0.84,0.9,0,0,0,0.067,0,0,0.44,0.167,0,0.067,1.5,4.313,0.002,0,0.002,0.046,4.313,0.25,0.438,0.438,4219,42.17219546,27.52882283,30.29898172,0.596825397,1115.463709,5,1,0
1,used,C32015,0.6,0.5,0,0,0.24,0.133,0.04,0,0.76,0.467,0,0,10.5,7.375,0.005,0,0,0.039,7.375,2.25,1.813,1.813,324,45,28.9,26.1,0.374193548,255.8747383,9,0,0
2,used,C32016,0.68,0.6,0,0,0,0.1,0,0,0.28,0.333,0.24,0.233,6.5,6.438,0,0,0,0.011,6.438,1.75,1.25,1.25,25,45,28.9,26.1,0.644230769,7.717864381,5,0,0
3,used,C32017,0.24,0.667,0,0,0.24,0,0,0,0,0,0,0.433,2.75,0.813,0.015,0,0.008,0.021,0.813,1.5,0.375,0.375,2650,45,28.9,26.1,0.493589744,429.7735152,3,1,0
1,used,C42015,0.8,0.867,0,0,0.48,0.267,0,0,0.4,0.1,0,0,10,5.063,0,0,0,0,5.063,2,1.125,1.125,1773,45,35,20,0.366559486,476.5062509,6,0,0
2,used,C42016,0.36,0.367,0,0,0,0.067,0.04,0,0.24,0.3,0,0,2,4.563,0,0,0,0,4.563,0.5,0.625,0.625,514,45,28.9,26.1,0.266025641,467.8278327,6,0,0
3,used,C42017,0.36,0.867,0,0,0.28,0.233,0,0.033,0.12,0.033,0.04,0,3.5,1.438,0,0,0,0,1.438,1.75,0.438,0.438,2650,45,27.0232735,27.9767265,0.713375796,275.8738083,5,0,0
1,used,C52015,0.88,0.633,0,0,0.04,0.033,0,0,0.32,0.433,0,0,6.5,7.313,0.002,0,0.002,0,7.313,0,0.438,0.438,1773,44.97969525,34.99854966,20.02175509,0.745980707,162.7210963,8,1,0
2,used,C52016,0.68,0.833,0,0,0.16,0.133,0,0,0.08,0.067,0,0,2.25,2.625,0,0,0,0,2.625,0.5,0.063,0.063,514,45,28.9,26.1,0.567741935,469.4876307,8,0,0
3,used,C52017,0.52,0.467,0,0,0.04,0,0,0,0.16,0.267,0.12,0.067,2,4.625,0,0,0,0.017,4.625,0.25,0.625,0.625,195,45,28.9,26.1,0.919093851,243.1732629,3,0,0
1,used,C62015,0.8,0.867,0,0,0.16,0.3,0,0,0.2,0.133,0,0.033,8,9.313,0,0,0,0,9.313,1.25,0.875,0.875,1773,37.85040273,34.48931448,27.66028279,1.504792332,147.8439725,5,0,0
2,used,C62016,0.44,0.433,0,0,0.16,0.167,0,0,0,0,0,0,0.25,0.125,0,0,0,0,0.125,0,0.063,0.063,1207,39.11428822,31.06984766,29.81586412,1.061093248,140.6318608,7,0,0
3,used,C62017,0.88,0.8,0,0,0.16,0.1,0,0,0,0.133,0.04,0.1,1.5,2.813,0,0,0,0.02,2.813,0.5,0.438,0.438,4219,40,28.5,31.5,0.392282958,525.7879477,5,0,0
1,used,C72015,0.44,0.767,0,0,0.44,0.167,0.24,0.333,0.28,0.033,0,0.033,14.75,8.563,0.016,0,0,0.086,8.563,4.5,2.438,2.438,47.34,28.5,37.3,34.2,0.601910828,141.5091804,6,0,0
2,used,C72016,0.96,0.967,0,0,0.16,0.167,0,0,0.44,0.867,0.04,0.133,4,5.875,0,0,0,0,5.875,0.75,1.25,1.25,514,45,28.9,26.1,0.408945687,380.38837,8,0,0
3,used,C72017,0.76,0.7,0,0,0.28,0.367,0,0,0,0.067,0,0,4.75,2.875,0,0,0,0.036,2.875,2,0.5,0.5,4219,40,28.5,31.5,0.477419355,832.232636,3,0,0
1,used,C82015,0.32,0.833,0,0,0.36,0.2,0.04,0,0.64,0.467,0,0.167,8,8.188,0,0,0,0,8.188,1.25,2.75,2.75,324,45,28.9,26.1,0.437699681,148.5665628,7,0,0
2,used,C82016,0.6,0.4,0,0,0.4,0.167,0,0.033,0.08,0.133,0,0.133,2.5,10.688,0,0,0,0.008,10.688,1,1.5,1.5,514,45,28.9,26.1,0.360128617,374.7534269,5,0,0
3,used,C82017,0.84,0.8,0,0,0.04,0.067,0,0,0.12,0.133,0.24,0.2,3.5,3.813,0.007,0,0,0.004,3.813,1.25,0.188,0.188,4219,45,35,20,0.729032258,920.6944692,4,0,0
1,used,C92015,0.72,0.933,0,0,0.6,0.467,0,0,0.28,0.367,0.16,0,3.25,5.125,0,0,0,0,5.125,0.5,0.875,0.875,331,28.11772669,35.07547511,36.80679819,1.28115016,568.776462,6,0,0
2,used,C92016,0.64,0.733,0,0,0.4,0.233,0,0,0,0.2,0,0,3.25,6.813,0.009,0,0,0,6.813,0.5,0.938,0.938,514,45,19.76539089,35.23460911,0.525806452,149.8547565,2,0,0
3,used,C92017,0.72,0.8,0,0,0.28,0.3,0,0.033,0,0,0,0,2.5,4.375,0,0,0,0,4.375,1.5,1.125,1.125,2650,45,28.9,26.1,0.306451613,519.5578071,6,0,0
1,used,D12015,0.4,0.667,0,0,0.6,0.567,0,0.033,0.24,0.167,0.24,0.067,15.75,6.438,0,0,0,0.057,6.438,6,1.563,1.563,324,45,28.9,26.1,0.254019293,378.4282894,6,0,0
2,used,D12016,0.64,0.933,0,0,0,0.1,0.2,0.133,0.04,0.133,0,0,3.5,7.313,0.006,0.008,0.001,0,7.313,2.25,1,1,1588,30.15028685,29.1849588,40.66475435,1.08681672,441.2661136,9,1,1
1,used,D22015,0.96,0.833,0,0,0.2,0.3,0.16,0.067,0.16,0.2,0,0.233,7.5,9.25,0,0.006,0,0.017,9.25,2.25,3.063,3.063,64,41.04838565,28.85986149,30.09175286,0.592356688,26.50303265,3,0,1
2,used,D22016,0.4,0.267,0,0,0,0.033,0,0,0,0.267,0.2,0.167,2,4.813,0,0,0,0,4.813,0.25,0.563,0.563,152,24.86088971,13.63284978,61.50626051,1.098726115,26.11032995,0,0,0
1,used,D32015,0.56,0.5,0,0,0.12,0.033,0,0,0.24,0.3,0.16,0.033,4,7.75,0,0,0,0.042,7.75,0.75,1.813,1.813,324,45,28.9,26.1,0.24516129,139.3527817,6,0,0
2,used,D32016,0.72,0.467,0,0,0.4,0.333,0,0.033,0.08,0.1,0,0,3,3.813,0,0,0,0,3.813,0.75,0.563,0.563,152,26.5,16.2,57.3,0.532051282,103.7831489,4,0,0
1,used,D42015,0.76,0.867,0,0,0.28,0.4,0,0.067,0.28,0.067,0.2,0.2,8.75,7.688,0.001,0,0,0.007,7.688,2.25,1.875,1.875,22,45,28.9,26.1,0.396774194,37.97984011,3,0,0
2,used,D42016,0.24,0.2,0,0,0.2,0.167,0.04,0.067,0.2,0.4,0,0.1,3.5,4.563,0,0,0,0.051,4.563,0.25,1.563,1.563,146,40.5,30.7,28.8,0.653846154,114.2350665,6,0,0
1,used,D52015,0.32,0.267,0,0,0,0,0,0,0,0.1,0,0.2,6,6,0.018,0,0.001,0.076,6,1.25,2.5,2.5,324,45,28.9,26.1,0.625,32.11030456,4,1,0
2,used,D52016,0.6,0.367,0,0,0.04,0.1,0,0.133,0.24,0.433,0,0.033,3.5,8.313,0.001,0,0,0.097,8.313,0.5,2.125,2.125,146,45,28.9,26.1,0.422580645,152.5879922,6,0,0
1,used,D62015,0.84,0.933,0,0,0.68,0.533,0,0.133,0,0.1,0,0,5.25,10.688,0.011,0,0,0.029,10.688,1.5,5.625,5.625,324,39.71486599,28.70598413,31.57914988,0.381410256,221.1064789,2,0,0
2,used,D62016,0.08,0.267,0.04,0.1,0,0.067,0,0,0.2,0.533,0,0.067,4.5,3,0,0,0,0.027,3,0,0.25,0.25,146,44.99432594,28.90226962,26.10340444,0.509615385,14.24093891,6,0,0
2,used,D72016,0.44,0.467,0,0,0.48,0.033,0.04,0.167,0.08,0.233,0.16,0.067,2.25,3.625,0.001,0,0,0.006,3.625,1,0.813,0.813,514,28.92555523,36.90281512,34.17162965,0.945337621,160.8653057,4,0,0
2,used,D92016,0.32,0.4,0,0,0.44,0.467,0,0.033,0.16,0.467,0,0,1.5,4.188,0,0,0,0.052,4.188,0.25,1.188,1.188,1588,30.58454852,35.60880389,33.80664759,0.774193548,490.6932139,7,0,0
3,used,DA12017,0.8,0.933,0,0,0.84,0.833,0,0,0,0.033,0,0,9.75,8.875,0,0,0,0,8.875,5.5,4.063,4.063,3814,40.7869017,32.50752922,26.70556908,0.317460317,168.2837864,12,0,0
3,used,DA22017,0.72,0.7,0,0,0.16,0.033,0,0,0.04,0,0,0.233,3.5,8.5,0.004,0,0,0.005,8.5,1.5,0.25,0.25,3814,24.60760107,36.27606199,39.11633694,0.961414791,349.6378668,6,0,0
3,used,DA32017,0.88,0.933,0,0,0.12,0.267,0,0,0.12,0.267,0,0,4.25,3.813,0,0,0,0,3.813,0.25,1.125,1.125,2650,45,28.9,26.1,0.309677419,736.6646518,9,0,0
3,used,DA42017,0.8,0.733,0,0,0,0.067,0,0,0.48,0.433,0,0.033,7,4.75,0.009,0,0.001,0.044,4.75,0.75,0.563,0.563,2650,45,28.9,26.1,0.231511254,797.2395498,8,1,0
2,used,F12016,0.56,0.6,0,0,0.08,0.2,0.08,0.167,0.2,0.1,0.04,0,3.25,4.938,0,0,0,0.068,4.938,0.25,1.188,1.188,514,45,28.9,26.1,0.622580645,286.5123534,8,0,0
2,used,F32016,1,0.467,0,0,0.04,0.033,0,0,0.04,0.4,0,0.033,4.25,6.125,0,0.004,0,0,6.125,1.25,0.813,0.813,1588,31,34,35,1.470967742,14.73186624,3,0,1
3,used,FSC12017,0.44,0.933,0,0,0.36,0.167,0.16,0,0.16,0.1,0,0,8.75,3.438,0,0,0,0,3.438,3.25,1.313,1.313,902.8,44.20539731,33.1166511,22.67795159,0.377777778,587.3010281,10,0,0
2,used,FSR12016,0.56,0.6,0,0,0.04,0.033,0.04,0.067,0,0.333,0,0.033,0.5,4.813,0.007,0,0,0,4.813,0,0.875,0.875,514,40.5,29.3,30.2,0.054487179,186.1079891,3,0,0
2,used,FSR22016,0.16,0.433,0,0.033,0.4,0.267,0,0.033,0.08,0.2,0,0.033,4.25,5.188,0,0,0,0.004,5.188,0.25,0.563,0.563,514,45,28.9,26.1,0.399361022,117.7781405,7,0,0
2,used,FSR42016,0.56,0.467,0,0,0.16,0.133,0.08,0.267,0.08,0,0,0,2.5,2.813,0,0,0,0.001,2.813,0,0.875,0.875,1588,31.38519688,34.02751406,34.58728905,2.152866242,61.62832235,5,0,0
2,used,FSR52016,0.32,0.6,0,0,0.4,0.4,0,0,0,0.067,0,0,3.5,2.5,0,0,0,0,2.5,1,0.438,0.438,331,29.72302525,32.94763287,37.32934188,1.083067093,214.7365057,3,0,0
2,used,FSR62016,0.12,0.367,0,0,0.2,0.367,0,0.033,0,0.033,0,0,2.25,1.938,0,0,0,0,1.938,1.25,0.188,0.188,331,45,35,20,0.341853035,205.7032667,12,0,0
2,used,FSR72016,0.48,0.433,0,0,0.24,0.4,0,0,0,0.3,0,0,4.25,9.75,0.028,0,0,0.011,9.75,0.75,1.125,1.125,143,39.94573901,28.53315949,31.5211015,0.877419355,49.78063875,4,0,0
1,used,J12015,0.76,0.7,0,0,0.16,0.3,0,0,0.36,0.167,0,0,5.25,6,0,0,0,0.02,6,1.5,1.875,1.875,47.34,45,28.9,26.1,0.319488818,305.423566,6,0,0
2,used,J12016,0.08,0.333,0,0,0,0,0,0,0.24,0.533,0,0,4.5,5.313,0,0,0,0.011,5.313,0.75,0.375,0.375,514,28.5,37.3,34.2,0.770967742,215.5695359,4,0,0
1,used,J22015,0.48,0.5,0,0,0.84,0.8,0,0,0.12,0,0,0,3.5,3.5,0,0,0,0.038,3.5,1.5,1.5,1.5,1046,28.5,37.3,34.2,0.336507937,26.5893782,5,0,0
2,used,J22016,0.52,0.7,0,0,0,0,0,0,0,0.167,0.12,0.167,2,2.563,0,0,0,0,2.563,1.5,1.063,1.063,514,44.78840079,28.9,26.31159921,0.350482315,393.3312535,4,0,0
1,used,J32015,0.52,0.833,0,0,0.04,0.2,0.36,0.067,0.56,0.4,0.08,0,10.25,9.625,0,0,0,0.106,9.625,1.75,2,2,324,45,28.9,26.1,0.337620579,168.1934591,4,0,0
2,used,J32016,0.96,0.6,0,0,0.16,0.3,0.04,0.033,0.04,0.1,0,0,1,2.125,0,0,0,0.023,2.125,0.25,0.625,0.625,514,40.38576094,29.21356913,30.40066992,0.446945338,341.5536597,3,0,0
1,used,J42015,0.68,0.533,0,0,0.16,0.233,0,0,0,0.3,0.12,0.033,0.5,8.75,0,0,0,0.025,8.75,0,1.063,1.063,324,45,28.9,26.1,0.437299035,422.2437293,4,0,0
2,used,J42016,0.4,0.433,0,0,0.2,0.333,0,0.033,0.08,0.2,0,0.033,6.75,3.938,0,0,0,0,3.938,1,0.438,0.438,331,31,34,35,1.070063694,312.9489003,5,0,0
1,used,J52015,0.8,0.9,0,0,0.12,0.4,0.24,0.233,0,0.133,0.04,0,5.75,7.813,0,0,0,0.001,7.813,2,2.125,2.125,1773,29.04297324,26.25887194,44.69815482,3.238095238,258.0531154,6,0,0
2,used,J52016,0.04,0.233,0,0,0.16,0.133,0,0.067,0,0.167,0.2,0.167,2.5,2.563,0.009,0,0,0.036,2.563,1.5,0.438,0.438,514,45,28.76558521,26.23441479,0.62012987,107.0689058,2,0,0
1,used,J62015,0.68,0.933,0,0,0.92,0.733,0,0,0.04,0.133,0,0,7.25,10,0,0,0,0,10,3.75,4.813,4.813,331,45,35,20,0.365384615,312.7746942,11,0,0
2,used,J62016,0.52,0.733,0,0,0,0,0,0,0.08,0.2,0,0,0,0.875,0,0,0,0,0.875,0,0,0,514,28.5,37.3,34.2,0.342948718,100.1270827,7,0,0
1,used,J72015,0.8,1,0,0,0.16,0.133,0.16,0.067,0.32,0.267,0,0,7,8.875,0,0,0,0,8.875,0.75,1,1,1773,44.24161008,34.19967147,21.55871846,0.762820513,480.6704337,7,0,0
2,used,J72016,0.44,0.3,0,0.033,0.08,0,0,0,0,0,0.04,0.1,1.5,2.313,0,0,0,0.019,2.313,0.25,0.625,0.625,514,45,28.9,26.1,0.308681672,345.0047067,6,0,0
1,used,J82015,0.84,0.933,0,0,0,0.1,0.56,0.3,0,0.067,0,0,4.5,2.813,0,0,0,0,2.813,1.25,0.438,0.438,1773,38.26937176,34.62791424,27.102714,1.067524116,527.2684046,11,0,0
3,used,JAFS12017,0.84,0.8,0,0,0,0.167,0,0,0,0.1,0,0,0,1.625,0.003,0,0,0.002,1.625,0,0.125,0.125,221.6,45,35,20,1.337579618,8.619386773,2,0,0
3,used,JAFS22017,0.44,0.9,0,0,0,0.033,0.48,0.167,0.04,0.067,0.04,0.067,4.25,1.375,0,0,0,0,1.375,3.5,0.5,0.5,221.6,45,35,20,1.21656051,32.89145548,2,0,0
3,used,LM12017,0.96,1,0,0,0.12,0.067,0,0.067,0,0,0,0,1.5,1.125,0,0,0,0,1.125,0.25,0.188,0.188,147,45,28.9,26.1,0.400641026,285.7756588,7,0,0
2,used,M22016,0.12,0.1,0,0,0.04,0,0,0,0,0.067,0.2,0.167,0,4.375,0.021,0,0.001,0.023,4.375,0,1.063,1.063,514,40.48019626,29.29504906,30.22475468,0.426282051,54.22487171,2,1,0
2,used,M32016,0.28,0.267,0,0,0.28,0.1,0.12,0.033,0,0.133,0.08,0.1,0,2.875,0,0,0,0.033,2.875,0,0.813,0.813,514,45,28.9,26.1,0.168789809,554.4857718,7,0,0
3,used,RP12017,1,0.967,0,0,0,0.033,0.04,0,0,0.133,0,0.1,3,4,0.015,0,0.008,0,4,1.5,0.5,0.5,130,31.27886876,33.8295802,34.89155104,1.25477707,101.4197664,0,1,0
3,used,RP22017,0.64,0.767,0,0,0.2,0.2,0,0,0.32,0.333,0,0,7.5,7.938,0,0,0,0.011,7.938,2.25,2.875,2.875,350.8,45,35,20,0.356913183,167.0824013,7,0,0
3,used,RP32017,0.68,0.8,0,0,0.32,0.067,0.04,0,0.52,0.433,0,0.1,8.25,9,0,0,0,0.026,9,2.25,1.625,1.625,195,45,28.9,26.1,0.677419355,392.9207053,10,0,0
2,used,S102016,0.4,0.8,0,0,0,0,0,0,0.32,0.367,0,0,1.25,2.438,0.002,0,0.002,0.022,2.438,0,0.063,0.063,514,38.80270534,28.9,32.29729466,0.354632588,418.1049733,7,1,0
2,used,S112016,0.72,0.733,0,0,0.48,0.367,0,0,0.04,0.233,0,0.067,1.75,1.813,0.001,0,0,0.041,1.813,0.25,0.188,0.188,514,37.5,28.9,33.6,0.350318471,207.5689869,4,0,0
1,used,S12015,0.64,0.433,0,0,0.04,0.033,0,0,0,0.167,0.2,0.467,1.75,4.125,0,0,0,0.072,4.125,0.5,1.125,1.125,324,45,28.9,26.1,0.389067524,50.72617376,6,0,0
2,used,S12016,0.48,0.733,0,0,0.56,0.433,0,0.033,0.16,0.3,0,0,3.25,2.25,0,0,0,0.019,2.25,1,0.5,0.5,1588,40.13210646,34.74654289,25.12135064,0.909677419,247.589284,12,0,0
3,used,S12017,0.96,0.867,0,0,0.28,0.4,0,0,0,0,0,0,4,8.75,0,0,0,0.007,8.75,1.5,2.125,2.125,3814,26.41471539,35.71092709,37.87435751,1.217252396,360.8714517,6,0,0
2,used,S122016,0.16,0.2,0,0,0.28,0.333,0,0.033,0.16,0.2,0.08,0.133,2.25,2.438,0,0,0,0.041,2.438,0,0.75,0.75,514,37.45598461,28.9247974,33.61921799,0.305732484,139.3387106,4,0,0
2,used,S132016,0.64,0.533,0,0,0.08,0.033,0,0,0,0.067,0,0,0,1,0,0,0,0,1,0,0.25,0.25,1588,40.72248666,34.98195142,24.29556192,1.561904762,35.4351756,6,0,0
2,used,S142016,1,0.9,0,0,0,0.067,0,0.067,0,0.333,0,0.1,0.75,10.375,0,0,0,0,10.375,0,3.625,3.625,514,45,28.9,26.1,0.211538462,466.863413,6,0,0
2,used,S152016,0.72,0.767,0,0,0,0.033,0,0,0.04,0.367,0,0,1.25,2.25,0,0,0,0,2.25,0.75,0.125,0.125,514,45,28.9,26.1,0.338658147,369.3512893,5,0,0
2,used,S162016,0.6,0.333,0,0,0.16,0.167,0,0.033,0,0.133,0,0.067,0,1.875,0,0,0,0,1.875,0,0.375,0.375,514,45,28.9,26.1,0.320512821,286.7247871,3,0,0
2,used,S172016,0.48,0.3,0,0,0.08,0.033,0,0,0,0.333,0,0.033,1,4.063,0.019,0.001,0,0.07,4.063,0.75,1.563,1.563,514,45,28.9,26.1,0.291666667,116.204706,7,0,1
1,used,S22015,0.68,0.767,0.08,0,0.28,0.533,0.04,0,0.08,0.2,0.28,0.2,6.75,7.5,0,0,0,0.014,7.5,3,2.688,2.688,324,45,28.9,26.1,0.682539683,62.69816074,1,0,0
2,used,S22016,0.24,0.233,0,0,0.16,0.167,0,0,0.2,0.267,0.04,0.033,4,3.125,0,0,0,0.047,3.125,1,0.125,0.125,514,35.91447405,30.57628177,33.50924418,0.650641026,81.76067272,4,0,0
3,used,S22017,0.76,0.9,0,0,0,0,0.16,0.167,0.04,0.1,0,0,8.25,6,0,0,0,0,6,2.75,2.875,2.875,2650,28.5,37.3,34.2,0.664516129,353.5600127,7,0,0
1,used,S32015,0.48,0.767,0,0,0.12,0.233,0,0,0,0.2,0,0.033,3.75,8.625,0,0,0,0,8.625,1,0.688,0.688,1773,45,35,20,0.533333333,227.1863068,6,0,0
2,used,S32016,0.48,0.633,0,0,0,0.1,0,0,0.4,0.333,0,0.033,5,4.813,0,0,0,0.002,4.813,0.75,0.188,0.188,331,34.13745386,30.42069133,35.4418548,0.764516129,160.3816506,4,0,0
3,used,S32017,0.92,0.9,0,0,0.12,0.067,0,0.033,0,0.033,0.08,0.067,0.5,0.938,0,0,0,0,0.938,0,0.188,0.188,147,45,28.9,26.1,0.440894569,150.71699,3,0,0
1,used,S42015,0.36,0.6,0,0,0.08,0.067,0,0.033,0.04,0.1,0.32,0.633,5,5.938,0.002,0,0.002,0.015,5.938,1.75,2.625,2.625,1046,43,27,30,0.292063492,151.3676035,1,1,0
2,used,S42016,0.72,0.833,0,0,0.04,0.067,0,0.133,0.16,0.133,0,0.033,1,6.875,0,0.032,0,0,6.875,0,1.938,1.938,152,24.66229687,21.80355744,53.5341457,1.841935484,186.3631082,4,0,1
3,used,S42017,0.68,0.9,0,0,0.32,0.2,0,0.167,0.08,0.167,0,0,2.75,4.375,0,0,0,0.019,4.375,1.75,1.875,1.875,2650,38.216971,27.57270832,34.21032068,0.46031746,503.4561569,4,0,0
1,used,S52015,0.4,0.633,0,0,0,0,0.12,0.267,0.08,0.267,0.2,0.367,3.75,10.938,0.003,0.003,0.012,0.008,10.938,1.5,2.188,2.188,1046,43.18887503,29.42567641,27.38544856,0.66031746,100.3908408,2,1,1
2,used,S52016,0.8,0.567,0,0,0.08,0.2,0,0,0.2,0.633,0,0,6,5.313,0.001,0,0.001,0,5.313,1,0.625,0.625,514,28.5,37.3,34.2,0.343042071,85.35962917,6,1,0
3,used,S52017,1,0.833,0,0,0,0.067,0,0,0,0.033,0.04,0.033,1.5,1.75,0,0,0,0.034,1.75,0,0.313,0.313,147,45,28.9,26.1,0.389240506,283.8470465,4,0,0
2,used,S62016,0.32,0.767,0,0,0.6,0.567,0,0,0,0.233,0,0,5.25,3.125,0,0,0,0,3.125,1.25,0.938,0.938,1588,28.61509471,26.2440121,45.14089319,0.968253968,407.6854492,5,0,0
2,used,S72016,0.36,0.667,0,0,0.16,0,0.08,0.067,0.16,0.1,0,0,1.75,3.813,0,0,0,0.081,3.813,0,1.625,1.625,514,45,28.9,26.1,0.222929936,90.79585864,9,0,0
2,used,S82016,0.72,0.8,0,0,0,0.033,0.08,0.1,0,0.033,0,0,0.5,0.813,0,0,0,0,0.813,0,0,0,1588,25.56950327,34.50386052,39.92663621,1.239616613,606.3617657,10,0,0
2,used,S92016,0.6,0.833,0,0,0,0.133,0,0,0.52,0.4,0,0,3.5,6.5,0,0,0,0,6.5,0,0.75,0.75,514,45,28.9,26.1,0.369426752,415.4398774,4,0,0
3,used,SR102017,0.64,0.6,0,0,0.12,0.033,0,0,0.04,0.233,0,0,0.5,4.5,0,0,0,0.023,4.5,0,0.688,0.688,4219,35.1166675,25.05961481,39.82371769,0.311111111,1129.036661,6,0,0
3,used,SR112017,0.84,0.867,0,0,0,0.033,0.04,0,0.44,0.533,0,0,5.25,7.313,0,0,0,0.053,7.313,0.5,2.188,2.188,4219,43,27,30,0.369426752,1137.637728,5,0,0
3,used,SR12017,0.6,0.967,0,0,0.2,0.1,0,0,0,0,0,0,2.75,0.813,0,0,0,0.003,0.813,2,0.438,0.438,3814,43.79696278,35.08717661,21.11586061,0.369426752,704.5338402,6,0,0
3,used,SR122017,0.76,0.9,0,0,0.12,0.1,0.08,0,0,0,0,0,2,0.813,0,0,0,0,0.813,2,0.125,0.125,4219,28.08205705,17.48931343,54.42862952,1.009584665,82.68560039,0,0,0
3,used,SR132017,0.64,0.8,0,0,0.12,0.167,0,0,0,0,0,0.033,3,0.563,0,0,0,0.003,0.563,1.75,0,0,4219,40,28.5,31.5,0.35483871,701.1868316,6,0,0
3,used,SR142017,0.92,0.967,0,0,0,0,0.04,0.133,0,0.033,0,0.033,3.5,1.125,0,0,0,0,1.125,0.75,0.188,0.188,2650,45,28.9,26.1,0.263665595,459.9544262,8,0,0
3,used,SR152017,0.52,0.833,0,0,0.28,0.1,0.16,0.133,0.16,0.1,0.08,0.133,6.75,4.938,0.005,0,0,0.032,4.938,3,1.438,1.438,2650,37.58057029,28.75712202,33.66230769,0.396774194,316.2484152,5,0,0
3,used,SR162017,0.92,0.833,0,0,0.44,0.467,0,0,0,0.033,0.16,0,2.25,4.875,0,0,0,0.008,4.875,0.5,3.188,3.188,4219,34.74578611,32.22179666,33.03241723,0.980952381,1192.00383,5,0,0
3,used,SR172017,0.56,0.467,0,0,0,0,0.16,0.067,0,0,0.16,0.367,5.5,3.75,0,0,0,0.003,3.75,0.75,0.563,0.563,2650,40.5,30.7,28.8,0.353503185,654.8591731,5,0,0
3,used,SR182017,0.68,0.6,0,0,0.2,0,0,0,0,0,0,0.033,2,7.188,0,0,0,0.116,7.188,1.25,0.938,0.938,4219,28.5,37.3,34.2,0.232258065,177.5442037,5,0,0
3,used,SR192017,0.64,0.933,0,0,0,0.067,0.36,0.2,0,0,0.08,0.033,5,2.375,0.002,0,0.002,0.026,2.375,3.25,0.5,0.5,2650,37.5,28.9,33.6,0.239482201,558.4218099,4,1,0
3,used,SR202017,0.44,0.433,0,0,0,0,0.16,0.133,0,0,0,0,0,0.813,0,0,0,0.027,0.813,0,0.375,0.375,2650,29.58071153,35.87870059,34.54058788,0.480645161,108.5863288,2,0,0
3,used,SR212017,0.6,0.5,0,0,0.44,0.233,0,0,0,0.033,0,0.133,1.5,4.563,0,0,0,0.005,4.563,0,1.5,1.5,2650,41.05108944,22.60273472,36.34617584,0.803174603,344.5202171,3,0,0
3,used,SR22017,0.76,0.833,0,0,0,0.033,0,0.033,0,0.033,0.16,0,1.25,1.938,0,0,0,0,1.938,0,0.25,0.25,4219,23.3,36.9,39.8,0.781350482,114.3030971,3,0,0
3,used,SR32017,0.96,0.9,0,0,0.16,0.1,0,0,0,0.1,0,0,6.5,5.375,0.011,0,0.004,0.061,5.375,1,1.5,1.5,2650,45,28.9,26.1,0.479365079,668.1723922,9,1,0
3,used,SR42017,0.92,0.967,0,0,0.12,0.067,0,0,0.12,0.1,0,0,4.75,5.188,0,0,0,0,5.188,0,0,0,2650,45,28.9,26.1,0.273015873,441.7297946,7,0,0
3,used,SR52017,0.68,0.833,0,0,0,0.1,0,0,0,0.133,0.32,0.3,1.75,4,0,0,0,0.001,4,0.5,0.5,0.5,135.8,26.8602119,27.30754124,45.83224687,1.173633441,280.1471397,0,0,0
3,used,SR62017,0.76,0.967,0,0,0.24,0.233,0,0,0.04,0.033,0,0,1.75,3.063,0,0,0,0,3.063,1,0.25,0.25,2650,45,15.6,39.4,0.984126984,258.1611268,6,0,0
3,used,SR72017,0.8,0.833,0,0,0.44,0.3,0,0,0.2,0.167,0,0.033,5.5,4.813,0.011,0,0.001,0.03,4.813,2.25,1.375,1.375,2650,42.81003089,29.77598764,27.41398147,0.480769231,505.6432507,7,1,0
3,used,SR82017,0.68,0.9,0,0,0.44,0.067,0.28,0.1,0,0.1,0,0.067,6.5,5.313,0,0,0,0,5.313,4.25,1.75,1.75,2650,45,28.9,26.1,0.381877023,906.4260957,8,0,0
3,used,SR92017,0.92,0.933,0,0,0.24,0.033,0,0.033,0,0.067,0,0,5,4.375,0,0,0,0,4.375,1.75,0.75,0.75,2650,28.5,37.3,34.2,0.509615385,196.0667712,8,0,0
2,used,T12016,0.56,0.733,0,0,0,0,0,0,0.08,0.233,0,0,0.5,0.188,0,0,0,0,0.188,0,0,0,514,45,28.9,26.1,0.338709677,304.9277758,8,0,0
3,used,TF12017,0.84,0.933,0,0,0.2,0.1,0,0,0,0,0.04,0.033,2,0.188,0,0,0,0.009,0.188,1.25,0,0,4219,29.56189508,18.19149761,52.2466073,1.025396825,407.4641601,2,0,0
1,available,C1.6_2015,0.5,0.5,0,0,0.233333333,0.233333333,0.266666667,0.266666667,0.133333333,0.133333333,0,0,9,9,0,0,0,0.144333333,9,3.357142857,3.357142857,3.357142857,0.077142179,45,35,20,0.274193548,569.1856144,10,0,0
1,available,C1.7_2015,0.866666667,0.866666667,0,0,0.366666667,0.366666667,0.533333333,0.533333333,0,0,0,0,9.642857143,9.642857143,0,0,0,0,9.642857143,6.571428571,6.571428571,6.571428571,0.077142179,42.50605473,34.82186105,22.67208422,0.314285714,378.3681273,10,0,0
1,available,E35.3_2015,0.633333333,0.633333333,0.233333333,0.233333333,0.133333333,0.133333333,0.066666667,0.066666667,0.4,0.4,0.133333333,0.133333333,27.07142857,27.07142857,0.006333333,0,0.006333333,0.02,27.07142857,10.64285714,10.64285714,10.64285714,0.419416093,26.53553669,29.34087431,44.123589,1.667741935,328.2549969,1,1,0
1,available,E36.1_2015,0.966666667,0.966666667,0,0,0.133333333,0.133333333,0.033333333,0.033333333,0.133333333,0.133333333,0.5,0.5,13.85714286,13.85714286,0,0,0,0.052666667,13.85714286,2.142857143,2.142857143,2.142857143,0.419416093,30.40806081,31.65855164,37.93338755,1.045016077,161.7816072,4,0,0
1,available,C3.1_2015,0.566666667,0.566666667,0,0,0.1,0.1,0.1,0.1,0.6,0.6,0.233333333,0.233333333,11.85714286,11.85714286,0,0,0,0.026,11.85714286,1.714285714,1.714285714,1.714285714,0.419416093,44.04950932,33.76436211,22.18612857,0.546325879,184.4199932,4,0,0
1,available,C4.8_2015,0.5,0.5,0,0,0.1,0.1,0,0,0.433333333,0.433333333,0,0,19.35714286,19.35714286,0,0,0,0.216333333,19.35714286,4.928571429,4.928571429,4.928571429,0.419416093,29.77278782,19.52586005,50.70135213,1,156.3050884,4,0,0
1,available,C3.3_2015,0.333333333,0.333333333,0.6,0.6,0.033333333,0.033333333,0.166666667,0.166666667,0.266666667,0.266666667,0.2,0.2,16.85714286,16.85714286,0,0,0,0.051,16.85714286,4.714285714,4.714285714,4.714285714,0.419416093,40.44342964,30.36953931,29.18703105,0.535714286,407.1372396,4,0,0
1,available,E34.8_2015,0.866666667,0.866666667,0,0,0.7,0.7,0,0,0.2,0.2,0.033333333,0.033333333,13.21428571,13.21428571,0,0,0,0.066,13.21428571,4.714285714,4.714285714,4.714285714,0.419416093,24.3,36.5,39.2,1.096774194,690.9882652,7,0,0
1,available,C3.8_2015,0.866666667,0.866666667,0,0,0.033333333,0.033333333,0.2,0.2,0.466666667,0.466666667,0.133333333,0.133333333,9.571428571,9.571428571,0,0,0,0,9.571428571,2.785714286,2.785714286,2.785714286,0.419416093,25.90498284,33.85194857,40.24306859,1.136942675,318.8643065,5,0,0
1,available,C4.5_2015,0.733333333,0.733333333,0,0,0,0,0.133333333,0.133333333,0.066666667,0.066666667,0.033333333,0.033333333,3.714285714,3.714285714,0.013333333,0,0.013333333,0.005333333,3.714285714,2.142857143,2.142857143,2.142857143,0.419416093,23.7262129,34.67488746,41.59889964,1.461290323,590.8800412,7,1,0
1,available,E23.7_2015,0.666666667,0.666666667,0,0,0.566666667,0.566666667,0,0,0.333333333,0.333333333,0.1,0.1,8.571428571,8.571428571,0,0,0,0,8.571428571,1.428571429,1.428571429,1.428571429,0.246854973,29.72080585,35.68853628,34.59065787,0.651898734,556.8899304,6,0,0
1,available,C8.7_2015,0.433333333,0.433333333,0,0,0.333333333,0.333333333,0.033333333,0.033333333,0.433333333,0.433333333,0.133333333,0.133333333,8.714285714,8.714285714,0.001666667,0,0.001666667,0.048666667,8.714285714,2.5,2.5,2.5,0.246854973,44.80944432,34.98638888,20.2041668,1.273015873,298.9604484,2,1,0
1,available,C9.5_2015,0.333333333,0.333333333,0,0,0.133333333,0.133333333,0.066666667,0.066666667,0.733333333,0.733333333,0.333333333,0.333333333,21.57142857,21.57142857,0,0,0,0,21.57142857,6,6,6,0.246854973,45,28.9,26.1,0.320634921,846.3182068,5,0,0
1,available,C8.4_2015,0.233333333,0.233333333,0,0,0,0,0.1,0.1,0.3,0.3,0.566666667,0.566666667,21.14285714,21.14285714,0,0,0.008333333,0.030333333,21.14285714,4.642857143,4.642857143,4.642857143,0.246854973,35.90357804,34.35025557,29.74616639,1.114285714,420.9205436,2,1,0
1,available,C9.8_2015,0.8,0.8,0,0,0,0,0.166666667,0.166666667,0.133333333,0.133333333,0.366666667,0.366666667,14,14,0.093333333,0,0.093333333,0.074,14,2.357142857,2.357142857,2.357142857,0.246854973,44.96252405,28.91381602,26.12365993,0.657142857,178.8096107,5,1,0
1,available,E21.7_2015,0.5,0.5,0,0,0.633333333,0.633333333,0.2,0.2,0.4,0.4,0.166666667,0.166666667,17.28571429,17.28571429,0,0,0,0,17.28571429,6.428571429,6.428571429,6.428571429,0.246854973,37.07416036,32.93497291,29.99086673,1.326860841,445.2199684,6,0,0
1,available,C9.6_2015,0.4,0.4,0,0,0,0,0,0,0.666666667,0.666666667,0.4,0.4,24.85714286,24.85714286,0,0,0,0,24.85714286,5.928571429,5.928571429,5.928571429,0.246854973,45,28.9,26.1,0.295238095,604.2067294,5,0,0
1,available,E21.8_2015,0.6,0.6,0,0,0.766666667,0.766666667,0.1,0.1,0.333333333,0.333333333,0.266666667,0.266666667,18.92857143,18.92857143,0,0,0,0,18.92857143,5.857142857,5.857142857,5.857142857,0.246854973,45,28.9,26.1,0.532051282,653.6272995,9,0,0
1,available,C8.5_2015,0.066666667,0.066666667,0.3,0.3,0.033333333,0.033333333,0.133333333,0.133333333,0.266666667,0.266666667,0.3,0.3,15.21428571,15.21428571,0,0,0,0.088333333,15.21428571,4.214285714,4.214285714,4.214285714,0.246854973,41.35605349,34.73971811,23.9042284,1.508038585,545.5098765,2,0,0
1,available,E20.4_2015,0.2,0.2,0,0,0,0,0.133333333,0.133333333,0.233333333,0.233333333,0.666666667,0.666666667,26.78571429,26.78571429,0,0,0,0.174333333,26.78571429,6.214285714,6.214285714,6.214285714,0.246854973,32.62411571,21.910243,45.46564129,0.881789137,118.8938561,2,0,0
1,available,E13.6_2015,0.366666667,0.366666667,0,0,0.133333333,0.133333333,0,0,0.733333333,0.733333333,0.033333333,0.033333333,13.71428571,13.71428571,0.001666667,0,0.001666667,0.146333333,13.71428571,2.357142857,2.357142857,2.357142857,0.075480655,45,28.9,26.1,0.396774194,125.2781979,5,1,0
1,available,C10.8_2015,0.366666667,0.366666667,0,0,0.066666667,0.066666667,0.166666667,0.166666667,0.366666667,0.366666667,0.366666667,0.366666667,14.14285714,14.14285714,0,0,0,0.048333333,14.14285714,2.285714286,2.285714286,2.285714286,0.075480655,37.5,28.9,33.6,0.232484076,137.9117833,2,0,0
1,available,E14.6_2015,0.833333333,0.833333333,0,0,0.333333333,0.333333333,0.033333333,0.033333333,0.133333333,0.133333333,0.1,0.1,6.642857143,6.642857143,0.035333333,0,0.035333333,0.038333333,6.642857143,1.642857143,1.642857143,1.642857143,0.075480655,40.5,29.3,30.2,0.237942122,207.9760961,3,1,0
1,available,E18.1_2015,0.733333333,0.733333333,0,0,0.2,0.2,0.033333333,0.033333333,0.633333333,0.633333333,0.066666667,0.066666667,10.92857143,10.92857143,0.020333333,0,0.020333333,0.023666667,10.92857143,2.714285714,2.714285714,2.714285714,0.075480655,45,28.9,26.1,0.305466238,241.8043045,6,1,0
1,available,E13.5_2015,0.2,0.2,0.266666667,0.266666667,0.1,0.1,0.066666667,0.066666667,0.3,0.3,0.166666667,0.166666667,12.42857143,12.42857143,0.006333333,0,0.006333333,0.129666667,12.42857143,3,3,3,0.075480655,42.37612095,29.13323369,28.49064535,0.726688103,28.76848772,2,1,0
1,available,E18.3_2015,0.8,0.8,0,0,0.333333333,0.333333333,0.033333333,0.033333333,0.366666667,0.366666667,0,0,13,13,0,0,0,0.116,13,3.357142857,3.357142857,3.357142857,0.075480655,45,28.9,26.1,0.336538462,105.6197923,5,0,0
1,available,E14.5_2015,0.6,0.6,0,0,0,0,0,0,0.633333333,0.633333333,0,0,17.57142857,17.57142857,0,0,0,0,17.57142857,2.214285714,2.214285714,2.214285714,0.075480655,40.5,29.3,30.2,0.112903226,82.28838686,2,0,0
1,available,E12.5_2015,0,0,0,0,0.033333333,0.033333333,0.033333333,0.033333333,0.566666667,0.566666667,0.8,0.8,26,26,0,0,0,0,26,9.071428571,9.071428571,9.071428571,0.013766912,40.5,30.7,28.8,0.551612903,7.050334963,3,0,0
1,available,E12.7_2015,0.066666667,0.066666667,0.133333333,0.133333333,0.033333333,0.033333333,0.066666667,0.066666667,0.4,0.4,0.166666667,0.166666667,23,23,0,0,0,0.045666667,23,6.857142857,6.857142857,6.857142857,0.013766912,40.5,30.7,28.8,0.471518987,69.92185704,4,0,0
1,available,E11.5_2015,0.266666667,0.266666667,0,0,0.666666667,0.666666667,0,0,0.166666667,0.166666667,0.133333333,0.133333333,10.57142857,10.57142857,0,0,0,0.020666667,10.57142857,3.785714286,3.785714286,3.785714286,0.003797769,45,28.9,26.1,0.598101266,83.90281235,2,0,0
2,available,E45.1_2016,0.3,0.3,0,0,0,0,0,0,0.4,0.4,0.266666667,0.266666667,3,3,0,0,0,0,3,0.214285714,0.214285714,0.214285714,0.03465464,26,34,40,0.452229299,399.3640826,11,0,0
2,available,E46.1_2016,0.633333333,0.633333333,0,0,0,0,0,0,0.066666667,0.066666667,0.133333333,0.133333333,21.92857143,21.92857143,0.113333333,0.006,0.113333333,0.021333333,21.92857143,7.142857143,7.142857143,7.142857143,0.03465464,26.49884653,16.24106357,57.2600899,0.762057878,-77.04182545,0,1,1
2,available,E46.8_2016,0.366666667,0.366666667,0,0,0.266666667,0.266666667,0.066666667,0.066666667,0,0,0.066666667,0.066666667,1.071428571,1.071428571,0,0,0,0.040666667,1.071428571,0.142857143,0.142857143,0.142857143,0.03465464,25.76615255,32.10323737,42.13061008,0.657142857,263.3714694,5,0,0
2,available,C1.4_2016,0.6,0.6,0,0,0.1,0.1,0,0,0.366666667,0.366666667,0,0,4.142857143,4.142857143,0,0,0,0,4.142857143,0.571428571,0.571428571,0.571428571,0.077142179,27.71624204,35.22528282,37.05847514,1.314285714,561.6303018,8,0,0
2,available,C1.6_2016,0.6,0.6,0,0,0.133333333,0.133333333,0.033333333,0.033333333,0.133333333,0.133333333,0,0,4.5,4.5,0,0,0,0.144333333,4.5,1.214285714,1.214285714,1.214285714,0.077142179,45,35,20,0.274193548,569.1856144,11,0,0
2,available,C1.2_2016,0.233333333,0.233333333,0.233333333,0.233333333,0,0,0,0,0.566666667,0.566666667,0,0,23.85714286,23.85714286,0,0,0.102333333,0,23.85714286,7.428571429,7.428571429,7.428571429,0.077142179,35.01948925,34.28710638,30.69340437,1.269230769,208.7178519,4,1,0
2,available,C1.1_2016,0.233333333,0.233333333,0,0,0.133333333,0.133333333,0,0,0.5,0.5,0.133333333,0.133333333,11.14285714,11.14285714,0,0,0,0.088666667,11.14285714,2.357142857,2.357142857,2.357142857,0.077142179,31,34,35,1.66984127,108.3284841,5,0,0
2,available,E39.8_2016,0.166666667,0.166666667,0.1,0.1,0,0,0,0,0.233333333,0.233333333,0.333333333,0.333333333,16.14285714,16.14285714,0.034666667,0,0.034666667,0.077333333,16.14285714,4.642857143,4.642857143,4.642857143,0.375504391,24.37491597,14.09241281,61.53267122,2.323717949,-41.40772708,0,1,0
2,available,C3.6_2016,0.533333333,0.533333333,0.333333333,0.333333333,0,0,0.033333333,0.033333333,0,0,0.133333333,0.133333333,13.14285714,13.14285714,0,0,0,0.011666667,13.14285714,1.071428571,1.071428571,1.071428571,0.375504391,26.5,16.2,57.3,1.097087379,230.6966965,4,0,0
2,available,E37.5_2016,0.066666667,0.066666667,0.133333333,0.133333333,0,0,0,0,0.333333333,0.333333333,0.233333333,0.233333333,26,26,0,0,0,0.031333333,26,4.071428571,4.071428571,4.071428571,0.375504391,31,34,35,0.294498382,-530.5850531,0,0,0
2,available,E37.2_2016,0.866666667,0.866666667,0,0,0,0,0,0,0,0,0,0,1.642857143,1.642857143,0.002666667,0,0.002666667,0.064333333,1.642857143,0.357142857,0.357142857,0.357142857,0.375504391,29.49601279,25.4774058,45.02658141,0.30420712,159.7374058,7,1,0
2,available,C4.1_2016,0.466666667,0.466666667,0.033333333,0.033333333,0.1,0.1,0,0,0.2,0.2,0.033333333,0.033333333,3.857142857,3.857142857,0,0,0,0.033333333,3.857142857,1.214285714,1.214285714,1.214285714,0.375504391,39.22754304,28.889488,31.88296897,1.219354839,383.8589742,7,0,0
2,available,C4.6_2016,0.4,0.4,0,0,0.033333333,0.033333333,0,0,0.1,0.1,0,0,1.714285714,1.714285714,0.001,0,0.001,0,1.714285714,0.071428571,0.071428571,0.071428571,0.375504391,37.91861939,34.51328259,27.56809802,0.490322581,123.6441013,10,1,0
2,available,E39.5_2016,0.033333333,0.033333333,0,0,0,0,0,0,0.566666667,0.566666667,0.133333333,0.133333333,19.21428571,19.21428571,0,0,0,0.120666667,19.21428571,3.071428571,3.071428571,3.071428571,0.375504391,26.69028451,19.76385868,53.54585681,2.380952381,-329.2718114,0,0,0
2,available,E34.5_2016,0.366666667,0.366666667,0,0,0.033333333,0.033333333,0,0,0.066666667,0.066666667,0.2,0.2,2.642857143,2.642857143,0.009666667,0,0.009666667,0.008666667,2.642857143,0.285714286,0.285714286,0.285714286,0.375504391,23.3,12.1,64.6,1.558064516,76.72862326,4,1,0
2,available,E28.6_2016,0.2,0.2,0,0,0,0,0.033333333,0.033333333,0.3,0.3,0.633333333,0.633333333,10.28571429,10.28571429,0,0,0.001666667,0.004,10.28571429,2,2,2,0.032518395,25.73923528,19.03756528,55.22319944,1.314285714,-480.7330062,0,1,0
2,available,E20.8_2016,0.666666667,0.666666667,0,0,0,0,0,0,0.1,0.1,0.133333333,0.133333333,9.642857143,9.642857143,0.022666667,0,0.022666667,0.126333333,9.642857143,1.571428571,1.571428571,1.571428571,0.285070021,44.50791925,28.43252328,27.05955747,0.532051282,4.831283635,1,1,0
2,available,C8.7_2016,0.566666667,0.566666667,0,0,0.1,0.1,0,0,0.1,0.1,0.066666667,0.066666667,3.285714286,3.285714286,0.001666667,0,0.001666667,0.048666667,3.285714286,2.357142857,2.357142857,2.357142857,0.285070021,44.80944432,34.98638888,20.2041668,1.273015873,298.9604484,3,1,0
2,available,C9.6_2016,0.1,0.1,0,0,0,0,0,0,0.4,0.4,0.433333333,0.433333333,13.14285714,13.14285714,0,0,0,0,13.14285714,1.571428571,1.571428571,1.571428571,0.285070021,45,28.9,26.1,0.295238095,714.6176145,6,0,0
2,available,C8.5_2016,0.733333333,0.733333333,0.133333333,0.133333333,0.066666667,0.066666667,0.033333333,0.033333333,0.1,0.1,0.166666667,0.166666667,6.642857143,6.642857143,0,0,0,0.088333333,6.642857143,1.285714286,1.285714286,1.285714286,0.285070021,41.35605349,34.73971811,23.9042284,1.508038585,545.5098765,3,0,0
2,available,E20.1_2016,0.4,0.4,0,0,0.033333333,0.033333333,0,0,0.166666667,0.166666667,0.133333333,0.133333333,6.214285714,6.214285714,0,0,0,0.17,6.214285714,2.071428571,2.071428571,2.071428571,0.285070021,28.44853261,35.21042403,36.34104336,0.366242038,586.6075045,4,0,0
2,available,C9.1_2016,0.266666667,0.266666667,0,0,0.033333333,0.033333333,0,0,0.033333333,0.033333333,0.333333333,0.333333333,8.142857143,8.142857143,0,0,0,0.002333333,8.142857143,1.5,1.5,1.5,0.285070021,41.46789227,30.18669639,28.34541135,0.587301587,344.5082368,11,0,0
2,available,C9.4_2016,0.066666667,0.066666667,0,0,0.133333333,0.133333333,0,0,0.1,0.1,0.4,0.4,13.35714286,13.35714286,0,0,0,0,13.35714286,2.785714286,2.785714286,2.785714286,0.285070021,45,28.9,26.1,0.301587302,919.0607107,6,0,0
2,available,C8.2_2016,0.633333333,0.633333333,0,0,0.033333333,0.033333333,0,0,0,0,0.333333333,0.333333333,8.714285714,8.714285714,0.029,0,0.049,0.0445,8.714285714,2.071428571,2.071428571,2.071428571,0.285070021,32.75172587,32.97815991,34.27011422,0.951923077,382.3106087,3,1,0
2,available,E21.7_2016,0.466666667,0.466666667,0,0,0.066666667,0.066666667,0,0,0,0,0,0,5.357142857,5.357142857,0,0,0,0,5.357142857,1,1,1,0.285070021,37.07416036,32.93497291,29.99086673,1.326860841,538.5706641,7,0,0
2,available,E20.5_2016,0.566666667,0.566666667,0,0,0,0,0,0,0,0,0.033333333,0.033333333,4.928571429,4.928571429,0.003,0,0.003,0.182333333,4.928571429,1.785714286,1.785714286,1.785714286,0.285070021,45,28.9,26.1,0.286173633,398.9513621,2,1,0
2,available,E21.5_2016,0.6,0.6,0,0,0,0,0,0,0.066666667,0.066666667,0.133333333,0.133333333,5.357142857,5.357142857,0,0,0,0.155333333,5.357142857,0.857142857,0.857142857,0.857142857,0.285070021,45,28.9,26.1,0.676282051,112.1711031,4,0,0
2,available,E22.5_2016,0.4,0.4,0,0,0.033333333,0.033333333,0,0,0.033333333,0.033333333,0.233333333,0.233333333,4.571428571,4.571428571,0,0,0,0.100666667,4.571428571,1.428571429,1.428571429,1.428571429,0.285070021,28.5,37.3,34.2,0.215189873,108.2943389,5,0,0
2,available,C8.8_2016,0.733333333,0.733333333,0,0,0,0,0.066666667,0.066666667,0.4,0.4,0,0,4.357142857,4.357142857,0.004,0,0.055666667,0.009333333,4.357142857,0.714285714,0.714285714,0.714285714,0.285070021,41.91560412,34.77968601,23.30470988,0.926045016,299.5326342,3,1,0
2,available,C9.3_2016,0,0,0,0,0.033333333,0.033333333,0,0,0.866666667,0.866666667,0.233333333,0.233333333,21.57142857,21.57142857,0,0,0,0,21.57142857,6.5,6.5,6.5,0.285070021,45,28.9,26.1,0.288888889,760.4662881,7,0,0
2,available,E23.8_2016,0.266666667,0.266666667,0.033333333,0.033333333,0,0,0.1,0.1,0.066666667,0.066666667,0.066666667,0.066666667,4.071428571,4.071428571,0,0,0,0.036,4.071428571,0.071428571,0.071428571,0.071428571,0.285070021,28.5,37.3,34.2,0.503246753,760.0794403,6,0,0
2,available,C10.6_2016,0.166666667,0.166666667,0,0,0.033333333,0.033333333,0.033333333,0.033333333,0.233333333,0.233333333,0.133333333,0.133333333,5.928571429,5.928571429,0,0,0,0.014333333,5.928571429,1.5,1.5,1.5,0.12057916,45,28.9,26.1,0.277419355,508.0540552,7,0,0
2,available,C10.2_2016,0.033333333,0.033333333,0,0,0.166666667,0.166666667,0.033333333,0.033333333,0.033333333,0.033333333,0.4,0.4,8.142857143,8.142857143,0.009666667,0.003,0.009666667,0.022,8.142857143,3,3,3,0.12057916,45,28.9,26.1,0.5,379.8681611,7,1,1
2,available,C10.4_2016,0.766666667,0.766666667,0,0,0,0,0.033333333,0.033333333,0.133333333,0.133333333,0,0,2.571428571,2.571428571,0,0,0,0.008333333,2.571428571,0.5,0.5,0.5,0.12057916,45,28.9,26.1,0.342948718,487.8847333,7,0,0
2,available,E13.7_2016,0.8,0.8,0,0,0.133333333,0.133333333,0,0,0,0,0,0,3.285714286,3.285714286,0,0,0,0.128666667,3.285714286,1.571428571,1.571428571,1.571428571,0.12057916,45,28.9,26.1,0.856687898,257.765997,5,0,0
2,available,E13.6_2016,0.866666667,0.866666667,0,0,0,0,0,0,0.033333333,0.033333333,0,0,2.428571429,2.428571429,0.001666667,0,0.001666667,0.146333333,2.428571429,0.357142857,0.357142857,0.357142857,0.12057916,45,28.9,26.1,0.396774194,273.8620489,6,1,0
2,available,E13.5_2016,0.566666667,0.566666667,0.033333333,0.033333333,0,0,0,0,0,0,0,0,8.071428571,8.071428571,0.006333333,0,0.006333333,0.129666667,8.071428571,1.571428571,1.571428571,1.571428571,0.12057916,42.37612095,29.13323369,28.49064535,0.726688103,101.3260958,3,1,0
2,available,E14.6_2016,0.866666667,0.866666667,0,0,0.033333333,0.033333333,0,0,0,0,0,0,1.142857143,1.142857143,0.035333333,0,0.035333333,0.038333333,1.142857143,0.428571429,0.428571429,0.428571429,0.12057916,40.5,29.3,30.2,0.237942122,216.8311478,4,1,0
2,available,E18.4_2016,0.2,0.2,0,0,0.033333333,0.033333333,0,0,0.2,0.2,0.066666667,0.066666667,8,8,0.057333333,0,0.057333333,0.029333333,8,3.5,3.5,3.5,0.12057916,45,28.9,26.1,0.301587302,36.95780509,6,1,0
2,available,C10.1_2016,0.266666667,0.266666667,0,0,0.1,0.1,0,0,0.466666667,0.466666667,0.033333333,0.033333333,6.428571429,6.428571429,0.013333333,0.005666667,0.013333333,0.008,6.428571429,1.5,1.5,1.5,0.12057916,45,28.9,26.1,0.257961783,347.4283244,5,1,1
2,available,E12.6_2016,0.1,0.1,0,0,0.066666667,0.066666667,0,0,0.2,0.2,0.266666667,0.266666667,7.428571429,7.428571429,0,0,0,0.030666667,7.428571429,1,1,1,0.033230477,40.5,30.7,28.8,0.423566879,162.7764605,4,0,0
2,available,E12.7_2016,0.066666667,0.066666667,0,0,0,0,0,0,0.233333333,0.233333333,0.066666667,0.066666667,7.857142857,7.857142857,0,0,0,0.045666667,7.857142857,1.214285714,1.214285714,1.214285714,0.033230477,40.5,30.7,28.8,0.471518987,153.542246,5,0,0
2,available,E12.4_2016,0.066666667,0.066666667,0,0,0,0,0,0,0.233333333,0.233333333,0.1,0.1,12.85714286,12.85714286,0,0,0,0,12.85714286,1.714285714,1.714285714,1.714285714,0.033230477,40.5,30.7,28.8,0.593650794,81.20925527,3,0,0
2,available,E12.8_2016,0.033333333,0.033333333,0,0,0.033333333,0.033333333,0,0,0.266666667,0.266666667,0.166666667,0.166666667,6.357142857,6.357142857,0,0,0,0.15,6.357142857,1.642857143,1.642857143,1.642857143,0.033230477,41.48950289,30.30419885,28.20629827,0.558064516,115.6133208,7,0,0
2,available,E12.5_2016,0.066666667,0.066666667,0,0,0,0,0,0,0.533333333,0.533333333,0.3,0.3,10.71428571,10.71428571,0,0,0,0,10.71428571,1.785714286,1.785714286,1.785714286,0.033230477,40.5,30.7,28.8,0.551612903,63.12572204,4,0,0
2,available,E8.3_2016,0.533333333,0.533333333,0,0,0,0,0,0,0.033333333,0.033333333,0.066666667,0.066666667,8.285714286,8.285714286,0.061,0,0.070333333,0.007333333,8.285714286,1.642857143,1.642857143,1.642857143,0.00450985,45,28.60600332,26.39399668,1.077170418,-13.95209272,0,1,0
2,available,E17.5_2016,0.333333333,0.333333333,0,0,0.066666667,0.066666667,0,0,0.033333333,0.033333333,0,0,1.428571429,1.428571429,0,0,0,0,1.428571429,0.071428571,0.071428571,0.071428571,0.005459293,28.5593059,33.93701076,37.50368334,0.671974522,168.6867101,5,0,0
2,available,C6.2_2016,0.866666667,0.866666667,0,0,0,0,0.166666667,0.166666667,0.133333333,0.133333333,0,0,2.214285714,2.214285714,0,0,0,0.002333333,2.214285714,0.285714286,0.285714286,0.285714286,0.389508664,32.47035693,34.1050255,33.42461757,1.016025641,418.6831639,6,0,0
2,available,C6.6_2016,0.733333333,0.733333333,0,0,0.033333333,0.033333333,0,0,0.233333333,0.233333333,0.066666667,0.066666667,4.642857143,4.642857143,0,0,0,0.098333333,4.642857143,2.928571429,2.928571429,2.928571429,0.389508664,31.46518609,20.72383622,47.81097769,0.564102564,1096.797588,6,0,0
2,available,E26.4_2016,0.8,0.8,0,0,0,0,0.033333333,0.033333333,0.066666667,0.066666667,0.033333333,0.033333333,3.928571429,3.928571429,0,0,0.003666667,0,3.928571429,0.714285714,0.714285714,0.714285714,0.389508664,31,34,35,1.483974359,-119.1190978,0,1,0
2,available,E26.3_2016,0.666666667,0.666666667,0,0,0,0,0,0,0.166666667,0.166666667,0.2,0.2,6.642857143,6.642857143,0.003666667,0,0.003666667,0.025,6.642857143,0.071428571,0.071428571,0.071428571,0.389508664,31,34,35,1.25,33.94187051,2,1,0
2,available,C7.8_2016,0.166666667,0.166666667,0.033333333,0.033333333,0,0,0,0,0.166666667,0.166666667,0.6,0.6,12.35714286,12.35714286,0,0,0,0.075,12.35714286,1.642857143,1.642857143,1.642857143,0.389508664,27.82844228,17.41035852,54.7611992,0.174193548,942.8119235,3,0,0
2,available,E27.1_2016,0.066666667,0.066666667,0.6,0.6,0.033333333,0.033333333,0,0,0.066666667,0.066666667,0.066666667,0.066666667,20.78571429,20.78571429,0.234,0,0.234,0.028333333,20.78571429,16,16,16,0.389508664,36.05624321,30.91007359,33.0336832,0.913738019,300.2981394,4,1,0
2,available,E26.5_2016,0.8,0.8,0,0,0,0,0.033333333,0.033333333,0.133333333,0.133333333,0.333333333,0.333333333,8.214285714,8.214285714,0.041,0.006,0.053,0.022666667,8.214285714,0.571428571,0.571428571,0.571428571,0.389508664,31,34,35,1.064102564,-226.9110853,0,1,1
2,available,E32.8_2016,0.566666667,0.566666667,0,0,0.2,0.2,0,0,0.1,0.1,0,0,2.714285714,2.714285714,0,0,0,0.042333333,2.714285714,0.285714286,0.285714286,0.285714286,0.389508664,35.15404447,31.46141727,33.38453826,1.50955414,429.6889957,9,0,0
2,available,E31.8_2016,0.333333333,0.333333333,0,0,0.233333333,0.233333333,0,0,0.066666667,0.066666667,0.033333333,0.033333333,5.142857143,5.142857143,0,0,0,0.099333333,5.142857143,1.928571429,1.928571429,1.928571429,0.389508664,35.88170099,31.01673828,33.10156072,1.507936508,295.760321,7,0,0
2,available,E31.5_2016,0.633333333,0.633333333,0,0,0,0,0,0,0.133333333,0.133333333,0.033333333,0.033333333,4.928571429,4.928571429,0.006,0,0.006,0.024,4.928571429,2.285714286,2.285714286,2.285714286,0.389508664,33.1283382,32.69934888,34.17231292,1.361904762,107.3935606,5,1,0
2,available,C5.6_2016,0.533333333,0.533333333,0,0,0.1,0.1,0,0,0.033333333,0.033333333,0.066666667,0.066666667,5.928571429,5.928571429,0,0,0,0.057333333,5.928571429,1.5,1.5,1.5,0.389508664,26.5,16.2,57.3,0.847133758,471.5285051,5,0,0
3,available,C1.5_2017,0.9,0.9,0.066666667,0.066666667,0.033333333,0.033333333,0.033333333,0.033333333,0.366666667,0.366666667,0,0,8.357142857,8.357142857,0,0,0,0.003,8.357142857,0.642857143,0.642857143,0.642857143,0.903868977,26.54063334,35.66394278,37.79542388,1.321543408,691.0000794,10,0,0
3,available,C1.3_2017,0.866666667,0.866666667,0,0,0,0,0.033333333,0.033333333,0.333333333,0.333333333,0,0,12.14285714,12.14285714,0,0,0,0.047666667,12.14285714,0.928571429,0.928571429,0.928571429,0.903868977,38.01956288,34.50947293,27.47096419,1.377419355,470.7414936,9,0,0
3,available,E37.3_2017,0.533333333,0.533333333,0,0,0.233333333,0.233333333,0.066666667,0.066666667,0.2,0.2,0.166666667,0.166666667,12.5,12.5,0,0,0,0.065333333,12.5,2.642857143,2.642857143,2.642857143,0.903868977,27.85288769,16.94249958,55.20461273,0.469255663,206.4516603,4,0,0
3,available,E33.5_2017,0.633333333,0.633333333,0,0,0,0,0.1,0.1,0.433333333,0.433333333,0.1,0.1,9.142857143,9.142857143,0.033333333,0,0.033333333,0.001666667,9.142857143,2.142857143,2.142857143,2.142857143,0.903868977,30.77493723,34.08397864,35.14108412,1.753205128,235.1490408,2,1,0
3,available,C2.5_2017,0.933333333,0.933333333,0.033333333,0.033333333,0.033333333,0.033333333,0.133333333,0.133333333,0.133333333,0.133333333,0,0,8.071428571,8.071428571,0,0,0,0,8.071428571,1.428571429,1.428571429,1.428571429,0.903868977,29.04057991,18.15803133,52.80138876,1.487096774,887.3072757,11,0,0
3,available,E33.2_2017,0.533333333,0.533333333,0.033333333,0.033333333,0.033333333,0.033333333,0.066666667,0.066666667,0.266666667,0.266666667,0,0,9.214285714,9.214285714,0,0,0,0.012333333,9.214285714,3.428571429,3.428571429,3.428571429,0.903868977,26.76853288,17.26219673,55.96927039,1.439102564,63.10713734,1,0,0
3,available,E37.6_2017,0.166666667,0.166666667,0.4,0.4,0,0,0,0,0.466666667,0.466666667,0.066666667,0.066666667,35.85714286,35.85714286,0,0,0,0.000146667,35.85714286,10.64285714,10.64285714,10.64285714,0.903868977,29.80810004,29.28519209,40.90670787,0.533980583,203.5123182,1,0,0
3,available,E33.8_2017,0.533333333,0.533333333,0,0,0.033333333,0.033333333,0,0,0.466666667,0.466666667,0.066666667,0.066666667,11.5,11.5,0.004333333,0,0.004333333,0.127333333,11.5,3.071428571,3.071428571,3.071428571,0.903868977,26.6806836,16.36462284,56.95469356,0.898089172,645.0320368,4,1,0
3,available,C7.6_2017,0.733333333,0.733333333,0,0,0.066666667,0.066666667,0,0,0.233333333,0.233333333,0,0,5.785714286,5.785714286,0,0,0,0.009666667,5.785714286,1.357142857,1.357142857,1.357142857,1,40,28.5,31.5,0.458598726,693.370165,5,0,0
3,available,E28.5_2017,0.2,0.2,0,0,0.1,0.1,0,0,0.666666667,0.666666667,0.066666667,0.066666667,20.78571429,20.78571429,0,0,0,0.123333333,20.78571429,3.357142857,3.357142857,3.357142857,1,27.16092548,26.17776683,46.66130769,0.91025641,458.3431738,1,0,0
3,available,E21.3_2017,0.933333333,0.933333333,0,0,0,0,0.033333333,0.033333333,0.066666667,0.066666667,0.166666667,0.166666667,7.428571429,7.428571429,0.061,0,0.078666667,0.005333333,7.428571429,3.428571429,3.428571429,3.428571429,1,33.87056994,27.47543295,38.6539971,0.75562701,101.8662547,1,1,0
3,available,E20.4_2017,0.733333333,0.733333333,0,0,0.066666667,0.066666667,0.1,0.1,0.166666667,0.166666667,0.066666667,0.066666667,7.285714286,7.285714286,0,0,0,0.174333333,7.285714286,1.785714286,1.785714286,1.785714286,1,32.62411571,21.910243,45.46564129,0.881789137,842.6077222,4,0,0
3,available,C6.2_2017,0.766666667,0.766666667,0,0,0.066666667,0.066666667,0.033333333,0.033333333,0.3,0.3,0,0,5.928571429,5.928571429,0,0,0,0.002333333,5.928571429,0.714285714,0.714285714,0.714285714,1,32.47035693,34.1050255,33.42461757,1.016025641,415.2287841,7,0,0
3,available,E23.4_2017,0.533333333,0.533333333,0,0,0.133333333,0.133333333,0,0,0.1,0.1,0.166666667,0.166666667,7.428571429,7.428571429,0,0,0,0.023,7.428571429,2,2,2,1,28.66433899,37.08386933,34.25179168,0.314935065,574.087461,4,0,0
3,available,E23.1_2017,0.1,0.1,0.066666667,0.066666667,0.066666667,0.066666667,0,0,0.333333333,0.333333333,0.333333333,0.333333333,15.21428571,15.21428571,0.103666667,0,0.103666667,0.047333333,15.21428571,5.642857143,5.642857143,5.642857143,1,45,15.6,39.4,0.61414791,137.0399355,1,1,0
3,available,C7.3_2017,0.666666667,0.666666667,0,0,0.033333333,0.033333333,0,0,0.4,0.4,0.033333333,0.033333333,5.785714286,5.785714286,0,0,0,0.030333333,5.785714286,0.642857143,0.642857143,0.642857143,1,38.56103951,29.37936474,32.05959574,0.504792332,273.0605847,5,0,0
3,available,C5.7_2017,0.6,0.6,0,0,0.166666667,0.166666667,0.233333333,0.233333333,0.033333333,0.033333333,0.033333333,0.033333333,6.214285714,6.214285714,0,0,0,0.164333333,6.214285714,1.5,1.5,1.5,1,26.02712322,18.73860164,55.23427514,0.394230769,706.6015065,6,0,0
3,available,E26.3_2017,0.766666667,0.766666667,0,0,0,0,0.033333333,0.033333333,0.066666667,0.066666667,0.233333333,0.233333333,5.785714286,5.785714286,0.003666667,0,0.003666667,0.025,5.785714286,0.428571429,0.428571429,0.428571429,1,31,34,35,1.25,403.2399463,3,1,0
3,available,C9.2_2017,0.866666667,0.866666667,0,0,0.166666667,0.166666667,0,0,0.4,0.4,0.233333333,0.233333333,12.85714286,12.85714286,0,0,0,0,12.85714286,3.142857143,3.142857143,3.142857143,1,45,28.9,26.1,0.317460317,582.8195793,8,0,0
3,available,E28.2_2017,0.566666667,0.566666667,0,0,0.033333333,0.033333333,0,0,0.5,0.5,0,0,9.142857143,9.142857143,0.003,0,0.003,0,9.142857143,1.285714286,1.285714286,1.285714286,1,40,28.5,31.5,0.47266881,540.7900249,7,1,0
3,available,C6.8_2017,0.466666667,0.466666667,0,0,0.033333333,0.033333333,0.033333333,0.033333333,0.1,0.1,0.266666667,0.266666667,6.428571429,6.428571429,0,0,0,0.122666667,6.428571429,2.5,2.5,2.5,1,33.09064498,22.20480987,44.70454514,0.458333333,602.4929942,7,0,0
3,available,E32.2_2017,0.7,0.7,0,0,0,0,0.033333333,0.033333333,0.166666667,0.166666667,0.033333333,0.033333333,8.071428571,8.071428571,0.006,0,0.006,0.002666667,8.071428571,1,1,1,1,31,34,35,1.407051282,1.434716039,1,1,0
3,available,E26.6_2017,0.7,0.7,0,0,0.1,0.1,0.033333333,0.033333333,0.066666667,0.066666667,0.333333333,0.333333333,6.142857143,6.142857143,0.003333333,0,0.003333333,0.077,6.142857143,1.214285714,1.214285714,1.214285714,1,31,34,35,0.877419355,73.01875639,1,1,0
3,available,C8.4_2017,0.566666667,0.566666667,0,0,0.033333333,0.033333333,0.033333333,0.033333333,0.266666667,0.266666667,0.066666667,0.066666667,5.5,5.5,0,0,0.008333333,0.030333333,5.5,0.285714286,0.285714286,0.285714286,1,35.90357804,34.35025557,29.74616639,1.114285714,979.0620828,4,1,0
3,available,E32.4_2017,0.4,0.4,0.066666667,0.066666667,0,0,0.066666667,0.066666667,0.3,0.3,0.266666667,0.266666667,17.92857143,17.92857143,0.033333333,0,0.033333333,0,17.92857143,5.357142857,5.357142857,5.357142857,1,31,34,35,2.343949045,-3.5734149,0,1,0
3,available,C8.8_2017,0.7,0.7,0,0,0.033333333,0.033333333,0.1,0.1,0.3,0.3,0,0,4.571428571,4.571428571,0.004,0,0.055666667,0.009333333,4.571428571,0.357142857,0.357142857,0.357142857,1,41.91560412,34.77968601,23.30470988,0.926045016,488.3307407,4,1,0
3,available,E6.1_2017,0.6,0.6,0,0,0.066666667,0.066666667,0.133333333,0.133333333,0.233333333,0.233333333,0.133333333,0.133333333,9.357142857,9.357142857,0,0,0.016333333,0.029333333,9.357142857,0.5,0.5,0.5,0.026584382,45,17.96358827,37.03641173,1.142857143,253.8388296,10,1,0
3,available,E13.2_2017,0.366666667,0.366666667,0,0,0,0,0,0,0.133333333,0.133333333,0.166666667,0.166666667,8.571428571,8.571428571,0.054666667,0.002333333,0.054666667,0.107,8.571428571,3,3,3,0.627581296,40.5,29.3,30.2,0.376582278,20.41617223,1,1,1
3,available,E11.3_2017,0.066666667,0.066666667,0.033333333,0.033333333,0,0,0.033333333,0.033333333,0.166666667,0.166666667,0.4,0.4,7.428571429,7.428571429,0,0.013666667,0,0.002666667,7.428571429,0.785714286,0.785714286,0.785714286,0.627581296,40.5,29.3,30.2,1.126984127,58.01845851,1,0,1
3,available,E11.4_2017,0.033333333,0.033333333,0.133333333,0.133333333,0,0,0.033333333,0.033333333,0.366666667,0.366666667,0.233333333,0.233333333,21.14285714,21.14285714,0.032666667,0,0.032666667,0.107,21.14285714,10,10,10,0.627581296,41.60077156,29.20215364,29.1970748,0.588996764,192.073873,2,1,0
3,available,E13.1_2017,0.733333333,0.733333333,0,0,0.233333333,0.233333333,0,0,0,0,0.2,0.2,7.214285714,7.214285714,0.106,0,0.111,0.067333333,7.214285714,2.071428571,2.071428571,2.071428571,0.627581296,37.5716102,28.56790255,33.86048726,0.238095238,77.99929219,1,1,0
3,available,E17.4_2017,0.7,0.7,0,0,0.033333333,0.033333333,0.066666667,0.066666667,0.333333333,0.333333333,0.066666667,0.066666667,7.857142857,7.857142857,0,0,0,0.131666667,7.857142857,1.428571429,1.428571429,1.428571429,0.627581296,37.5,28.9,33.6,1.385350318,766.7380339,3,0,0
3,available,E18.7_2017,0.366666667,0.366666667,0,0,0.166666667,0.166666667,0.066666667,0.066666667,0.233333333,0.233333333,0.1,0.1,9.142857143,9.142857143,0.103333333,0,0.103333333,0.103333333,9.142857143,4,4,4,0.627581296,36,32.5,31.5,0.455128205,963.0831354,1,1,0
3,available,C10.8_2017,0.833333333,0.833333333,0,0,0.1,0.1,0.166666667,0.166666667,0.1,0.1,0.033333333,0.033333333,4.5,4.5,0,0,0,0.048333333,4.5,1.928571429,1.928571429,1.928571429,0.627581296,37.5,28.9,33.6,0.232484076,494.3367873,4,0,0
3,available,E18.8_2017,0.2,0.2,0.333333333,0.333333333,0.1,0.1,0.066666667,0.066666667,0.5,0.5,0.1,0.1,31.07142857,31.07142857,0.214666667,0,0.214666667,0.020666667,31.07142857,18.35714286,18.35714286,18.35714286,0.627581296,34.8521484,32.89768087,32.25017073,0.685714286,1004.984734,1,1,0
3,available,E18.6_2017,0.2,0.2,0,0,0.033333333,0.033333333,0,0,0.233333333,0.233333333,0.433333333,0.433333333,18.21428571,18.21428571,0.249666667,0,0.249666667,0.037333333,18.21428571,9.714285714,9.714285714,9.714285714,0.627581296,36.00388189,32.49068347,31.50543465,0.403846154,959.5053206,1,1,0
3,available,E14.6_2017,0.6,0.6,0,0,0.166666667,0.166666667,0.233333333,0.233333333,0.033333333,0.033333333,0,0,5.5,5.5,0.035333333,0,0.035333333,0.038333333,5.5,2,2,2,0.627581296,40.5,29.3,30.2,0.237942122,413.3213998,5,1,0
3,available,E17.1_2017,0.233333333,0.233333333,0.133333333,0.133333333,0.133333333,0.133333333,0.066666667,0.066666667,0.066666667,0.066666667,0.166666667,0.166666667,28.64285714,28.64285714,0.446333333,0,0.446333333,0.032333333,28.64285714,11.57142857,11.57142857,11.57142857,0.627581296,36.05998154,32.38736799,31.55265047,0.787096774,1080.839256,1,1,0
3,available,E14.5_2017,0.533333333,0.533333333,0,0,0,0,0,0,0.666666667,0.666666667,0,0,11.5,11.5,0,0,0,0,11.5,3,3,3,0.627581296,40.5,29.3,30.2,0.112903226,206.4844579,4,0,0
3,available,E18.3_2017,0.933333333,0.933333333,0,0,0.066666667,0.066666667,0.033333333,0.033333333,0.066666667,0.066666667,0,0,6.214285714,6.214285714,0,0,0,0.116,6.214285714,2.428571429,2.428571429,2.428571429,0.627581296,45,28.9,26.1,0.336538462,1071.478242,7,0,0
3,available,E12.4_2017,0.433333333,0.433333333,0,0,0,0,0,0,0.366666667,0.366666667,0.366666667,0.366666667,10.14285714,10.14285714,0,0,0,0,10.14285714,2.142857143,2.142857143,2.142857143,0.627581296,40.5,30.7,28.8,0.593650794,150.9395975,4,0,0
3,available,E17.3_2017,0.366666667,0.366666667,0,0,0,0,0,0,0.166666667,0.166666667,0.4,0.4,25.78571429,25.78571429,0.261333333,0,0.261333333,0.09,25.78571429,10.14285714,10.14285714,10.14285714,0.627581296,37.5,28.9,33.6,1.265175719,908.8419272,1,1,0
3,available,E14.4_2017,0,0,0,0,0.066666667,0.066666667,0,0,0.166666667,0.166666667,0.233333333,0.233333333,23.85714286,23.85714286,0.13,0,0.13,0.186666667,23.85714286,9.714285714,9.714285714,9.714285714,0.627581296,40.71872523,28.6341032,30.64717158,0.78913738,-25.66600573,0,1,0
3,available,E17.2_2017,0.766666667,0.766666667,0.066666667,0.066666667,0.033333333,0.033333333,0,0,0.166666667,0.166666667,0.3,0.3,31.35714286,31.35714286,0.145,0,0.145,0.008333333,31.35714286,7.785714286,7.785714286,7.785714286,0.627581296,36.79060638,30.66450774,32.54488588,1.284345048,1089.582704,1,1,0
3,available,E18.4_2017,0.633333333,0.633333333,0,0,0.1,0.1,0.033333333,0.033333333,0.466666667,0.466666667,0.066666667,0.066666667,13.5,13.5,0.057333333,0,0.057333333,0.029333333,13.5,9.071428571,9.071428571,9.071428571,0.627581296,45,28.9,26.1,0.301587302,1132.130462,7,1,0
3,available,E10.4_2017,0.8,0.8,0,0,0.166666667,0.166666667,0.033333333,0.033333333,0.033333333,0.033333333,0.233333333,0.233333333,7.5,7.5,0.135666667,0.005,0.135666667,0,7.5,1.785714286,1.785714286,1.785714286,0.033467838,45,28.89458086,26.10541914,1.288461538,89.23201631,1,1,1
3,available,E10.7_2017,0.7,0.7,0,0,0.066666667,0.066666667,0.066666667,0.066666667,0.066666667,0.066666667,0.033333333,0.033333333,14.71428571,14.71428571,0.072333333,0,0.072333333,0.012,14.71428571,8.785714286,8.785714286,8.785714286,0.033467838,42.44486589,29.92205364,27.63308046,0.455128205,258.2295655,5,1,0
3,available,E8.4_2017,0.733333333,0.733333333,0,0,0,0,0.1,0.1,0.2,0.2,0.066666667,0.066666667,15.78571429,15.78571429,0.082,0,0.099,0,15.78571429,4,4,4,0.044861144,45,25.53144264,29.46855736,2.108974359,6.312800889,1,1,0
3,available,E7.2_2017,0.3,0.3,0,0,0.033333333,0.033333333,0,0,0.333333333,0.333333333,0,0,17.85714286,17.85714286,0.106,0,0.106,0,17.85714286,7.571428571,7.571428571,7.571428571,0.044861144,34.53021935,36.72338937,28.74639127,0.658146965,-11.60951486,0,1,0
3,available,E7.3_2017,0.2,0.2,0,0,0,0,0.033333333,0.033333333,0.066666667,0.066666667,0.666666667,0.666666667,8.214285714,8.214285714,0.034666667,0,0.034666667,0.013,8.214285714,2.642857143,2.642857143,2.642857143,0.044861144,45,28.9,26.1,0.507936508,82.93007658,1,1,0
